"","TRACTCE10","timestamp","price","X1","X2","sqft","your.name","lot.size","beds","bath","garage","year","elementary","middle","high","walk","tax","highway","restaurant","starbucks","park","mall","address","zip","lon","lat","tract","STATEFP10","COUNTYFP10","GEOID10","NAME10","NAMELSAD10","MTFCC10","FUNCSTAT10","ALAND10","AWATER10","INTPTLAT10","INTPTLON10","STATEFP10.1","COUNTYFP10.1","TRACTCE10.1","GEOID10.1","NAME10.1","NAMELSAD10.1","MTFCC10.1","FUNCSTAT10.1","ALAND10.1","AWATER10.1","INTPTLAT10.1","INTPTLON10.1","NAME","state","county","PovertyLevel","MedHInc","White","Black","Asian","Latino","Crimes","optional"
"1","004800","1/15/2015 16:11",179900,NA,NA,1600,"Emily Simonson",43560,3,2,"Yes",1994,9,4,2,15,3182,"No",22,3.2,18,1.3,"504 Winkworth Pkwy",13219,-76.1991819,43.025607,NA,"36","067","36067004800","48","Census Tract 48","G5020","S",1206079,0,"+43.0279451","-076.1920648","36","067","004800","36067004800","48","Census Tract 48","G5020","S",1206079,0,"+43.0279451","-076.1920648","Census Tract 48, Onondaga County, New York","36","067",150,74150,1280,217,78,20,9,TRUE
"2","004800","1/15/2015 16:17",128000,NA,NA,1992,"Emily Simonson",6969,4,2.5,"Yes",1950,2,4,2,43,1393,"No",7,2.6,5,0.6,"136 Austin Ave",13207,-76.188478,43.0289447,NA,"36","067","36067004800","48","Census Tract 48","G5020","S",1206079,0,"+43.0279451","-076.1920648","36","067","004800","36067004800","48","Census Tract 48","G5020","S",1206079,0,"+43.0279451","-076.1920648","Census Tract 48, Onondaga County, New York","36","067",150,74150,1280,217,78,20,9,TRUE
"3","004800","1/15/2015 16:25",114900,NA,NA,1378,"Emily Simonson",5227,4,1,"Yes",1930,2,4,2,50,1331,"No",6,2.6,7,0.5,"701 Velasko Rd",13207,-76.1854,43.029567,NA,"36","067","36067004800","48","Census Tract 48","G5020","S",1206079,0,"+43.0279451","-076.1920648","36","067","004800","36067004800","48","Census Tract 48","G5020","S",1206079,0,"+43.0279451","-076.1920648","Census Tract 48, Onondaga County, New York","36","067",150,74150,1280,217,78,20,9,TRUE
"4","004800","1/15/2015 16:34",107500,NA,NA,1452,"Emily Simonson",5227,3,1,"Yes",1931,2,4,1,42,157,"No",12,2.6,8,0.8,"518 Wolcott Ave",13207,-76.183009,43.027571,NA,"36","067","36067004800","48","Census Tract 48","G5020","S",1206079,0,"+43.0279451","-076.1920648","36","067","004800","36067004800","48","Census Tract 48","G5020","S",1206079,0,"+43.0279451","-076.1920648","Census Tract 48, Onondaga County, New York","36","067",150,74150,1280,217,78,20,9,TRUE
"5","004800","1/15/2015 16:41",43000,NA,NA,850,"Emily Simonson",6098,2,1,"Yes",1955,2,9,1,57,1525,"No",8,2.3,20,0.6,"112 Wolcott Ave",13207,-76.1832409,43.0321038,NA,"36","067","36067004800","48","Census Tract 48","G5020","S",1206079,0,"+43.0279451","-076.1920648","36","067","004800","36067004800","48","Census Tract 48","G5020","S",1206079,0,"+43.0279451","-076.1920648","Census Tract 48, Onondaga County, New York","36","067",150,74150,1280,217,78,20,9,TRUE
"6","005000","1/15/2015 16:52",85000,NA,NA,1639,"Emily Simonson",7840,4,1,"No",1915,2,4,1,36,2184,"No",32,1.9,11,2.5,"212 Roberts Ave",13207,-76.1719573,43.0311128,NA,"36","067","36067005000","50","Census Tract 50","G5020","S",1149255,45948,"+43.0272963","-076.1689815","36","067","005000","36067005000","50","Census Tract 50","G5020","S",1149255,45948,"+43.0272963","-076.1689815","Census Tract 50, Onondaga County, New York","36","067",364,70132,1950,690,8,108,6,TRUE
"7","005000","1/15/2015 16:56",254900,NA,NA,3560,"Emily Simonson",13503,5,3.5,"Yes",1940,2,4,2,28,5202,"No",27,2.2,13,2.6,"168 Robineau Rd",13207,-76.172169,43.02621,NA,"36","067","36067005000","50","Census Tract 50","G5020","S",1149255,45948,"+43.0272963","-076.1689815","36","067","005000","36067005000","50","Census Tract 50","G5020","S",1149255,45948,"+43.0272963","-076.1689815","Census Tract 50, Onondaga County, New York","36","067",364,70132,1950,690,8,108,6,TRUE
"8","005100","1/15/2015 17:00",63000,NA,NA,1788,"Emily Simonson",5227,3,1,"No",1890,4,1,2,43,788,"No",34,1.7,6,3.3,"136 Parkside ave",13207,-76.1625988,43.0254228,NA,"36","067","36067005100","51","Census Tract 51","G5020","S",804288,0,"+43.0236890","-076.1604174","36","067","005100","36067005100","51","Census Tract 51","G5020","S",804288,0,"+43.0236890","-076.1604174","Census Tract 51, Onondaga County, New York","36","067",790,24595,575,1201,44,322,12,TRUE
"9","005000","1/15/2015 17:05",188000,NA,NA,2832,"Emily Simonson",10454,4,2,"Yes",1905,2,4,1,49,2500,"No",12,1.7,11,1.9,"121 Ruskin Ave",13207,-76.168631,43.0312569,NA,"36","067","36067005000","50","Census Tract 50","G5020","S",1149255,45948,"+43.0272963","-076.1689815","36","067","005000","36067005000","50","Census Tract 50","G5020","S",1149255,45948,"+43.0272963","-076.1689815","Census Tract 50, Onondaga County, New York","36","067",364,70132,1950,690,8,108,6,TRUE
"10","005000","1/15/2015 17:09",169900,NA,NA,1864,"Emily Simonson",6534,4,2,"Yes",1926,2,4,2,52,2251,"No",22,2.3,4,4.1,"203 Wellesley Rd",13207,-76.16885,43.020924,NA,"36","067","36067005000","50","Census Tract 50","G5020","S",1149255,45948,"+43.0272963","-076.1689815","36","067","005000","36067005000","50","Census Tract 50","G5020","S",1149255,45948,"+43.0272963","-076.1689815","Census Tract 50, Onondaga County, New York","36","067",364,70132,1950,690,8,108,6,TRUE
"11","005800","1/15/2015 17:33",38000,NA,NA,1162,"Alison Lubin",3049,3,1,"Yes",1890,1,1,2,37,1141,"No",26,2.4,21,3.2,"160 Berger Ave, Syracuse NY",13205,-76.15442,43.01484,NA,"36","067","36067005800","58","Census Tract 58","G5020","S",860683,0,"+43.0199057","-076.1526432","36","067","005800","36067005800","58","Census Tract 58","G5020","S",860683,0,"+43.0199057","-076.1526432","Census Tract 58, Onondaga County, New York","36","067",1211,28803,436,1799,7,309,8,TRUE
"12","005800","1/15/2015 17:43",59900,NA,NA,1540,"Alison Lubin",3920,4,1,"No",1900,1,2,1,52,1343,"No",40,1.6,4,2.3,"106 Glahn Ave",13205,-76.1537952,43.0245352,NA,"36","067","36067005800","58","Census Tract 58","G5020","S",860683,0,"+43.0199057","-076.1526432","36","067","005800","36067005800","58","Census Tract 58","G5020","S",860683,0,"+43.0199057","-076.1526432","Census Tract 58, Onondaga County, New York","36","067",1211,28803,436,1799,7,309,8,TRUE
"13","005800","1/15/2015 17:51",59900,NA,NA,1260,"Alison Lubin",13503,4,2,"No",1950,1,1,2,33,963,"No",23,2.5,24,3.5,"368 W Matson Ave",13205,-76.152709,43.013094,NA,"36","067","36067005800","58","Census Tract 58","G5020","S",860683,0,"+43.0199057","-076.1526432","36","067","005800","36067005800","58","Census Tract 58","G5020","S",860683,0,"+43.0199057","-076.1526432","Census Tract 58, Onondaga County, New York","36","067",1211,28803,436,1799,7,309,8,TRUE
"14","004600","1/15/2015 18:04",212990,NA,NA,2800,"Alison Lubin",16552,4,5,"Yes",1930,9,2,3,25,3953,"No",23,2.6,24,2.1,"208 Standish Dr",13224,-76.1061929,43.0366741,NA,"36","067","36067004600","46","Census Tract 46","G5020","S",3864670,0,"+43.0400611","-076.0977558","36","067","004600","36067004600","46","Census Tract 46","G5020","S",3864670,0,"+43.0400611","-076.0977558","Census Tract 46, Onondaga County, New York","36","067",602,71797,3625,1130,123,122,6,TRUE
"15","004600","1/15/2015 18:04",212990,NA,NA,2800,"Alison Lubin",16552,4,5,"Yes",1930,9,2,3,25,3953,"No",23,2.6,24,2.1,"208 Standish Dr",13224,-76.1061929,43.0366741,NA,"36","067","36067004600","46","Census Tract 46","G5020","S",3864670,0,"+43.0400611","-076.0977558","36","067","004600","36067004600","46","Census Tract 46","G5020","S",3864670,0,"+43.0400611","-076.0977558","Census Tract 46, Onondaga County, New York","36","067",602,71797,3625,1130,123,122,6,TRUE
"16","004600","1/15/2015 18:04",212990,NA,NA,2800,"Alison Lubin",16552,4,5,"Yes",1930,9,2,3,25,3953,"No",23,2.6,24,2.1,"208 Standish Dr",13224,-76.1061929,43.0366741,NA,"36","067","36067004600","46","Census Tract 46","G5020","S",3864670,0,"+43.0400611","-076.0977558","36","067","004600","36067004600","46","Census Tract 46","G5020","S",3864670,0,"+43.0400611","-076.0977558","Census Tract 46, Onondaga County, New York","36","067",602,71797,3625,1130,123,122,6,TRUE
"17","004600","1/15/2015 18:13",159000,NA,NA,2330,"Alison Lubin",12196,4,2,"Yes",1940,9,2,3,6,3320,"No",22,1.8,34,1.5,"203 Lockwood Rd",13214,-76.089318,43.038672,NA,"36","067","36067004600","46","Census Tract 46","G5020","S",3864670,0,"+43.0400611","-076.0977558","36","067","004600","36067004600","46","Census Tract 46","G5020","S",3864670,0,"+43.0400611","-076.0977558","Census Tract 46, Onondaga County, New York","36","067",602,71797,3625,1130,123,122,6,TRUE
"18","004600","1/15/2015 18:19",119500,NA,NA,1008,"Alison Lubin",7731,3,1,"Yes",1952,9,2,3,17,1537,"No",27,2.6,47,2.3,"200 Locksley Rd",13224,-76.09792,43.037536,NA,"36","067","36067004600","46","Census Tract 46","G5020","S",3864670,0,"+43.0400611","-076.0977558","36","067","004600","36067004600","46","Census Tract 46","G5020","S",3864670,0,"+43.0400611","-076.0977558","Census Tract 46, Onondaga County, New York","36","067",602,71797,3625,1130,123,122,6,TRUE
"19","004600","1/15/2015 18:25",185000,NA,NA,2136,"Alison Lubin",28314,3,2,"Yes",1964,9,2,3,35,4081,"No",20,2.2,23,1.4,"205 Bradford Pkwy",13224,-76.105556,43.0400909,NA,"36","067","36067004600","46","Census Tract 46","G5020","S",3864670,0,"+43.0400611","-076.0977558","36","067","004600","36067004600","46","Census Tract 46","G5020","S",3864670,0,"+43.0400611","-076.0977558","Census Tract 46, Onondaga County, New York","36","067",602,71797,3625,1130,123,122,6,TRUE
"20","005800","1/15/2015 21:41",34000,NA,NA,1194,"Alison Lubin",4356,3,1,"Yes",1915,1,1,2,35,1126,"No",16,2.5,24,3,"127 Winman Ave",13205,-76.1530536,43.0158578,NA,"36","067","36067005800","58","Census Tract 58","G5020","S",860683,0,"+43.0199057","-076.1526432","36","067","005800","36067005800","58","Census Tract 58","G5020","S",860683,0,"+43.0199057","-076.1526432","Census Tract 58, Onondaga County, New York","36","067",1211,28803,436,1799,7,309,8,TRUE
"21","005800","1/15/2015 21:45",28000,NA,NA,720,"Alison Lubin",5227,2,1,"Yes",1925,1,1,2,42,1237,"No",11,2.3,19,3.1,"508 W. Newell St",13205,-76.154329,43.017016,NA,"36","067","36067005800","58","Census Tract 58","G5020","S",860683,0,"+43.0199057","-076.1526432","36","067","005800","36067005800","58","Census Tract 58","G5020","S",860683,0,"+43.0199057","-076.1526432","Census Tract 58, Onondaga County, New York","36","067",1211,28803,436,1799,7,309,8,TRUE
"22","004600","1/15/2015 21:50",159900,NA,NA,1984,"Alison Lubin",9147,5,2,"Yes",1960,9,2,3,16,2177,"No",40,3.6,15,1.5,"406 Hillsboro Pkwy",13214,-76.0876589,43.0403432,NA,"36","067","36067004600","46","Census Tract 46","G5020","S",3864670,0,"+43.0400611","-076.0977558","36","067","004600","36067004600","46","Census Tract 46","G5020","S",3864670,0,"+43.0400611","-076.0977558","Census Tract 46, Onondaga County, New York","36","067",602,71797,3625,1130,123,122,6,TRUE
"23","005100","1/16/2015 10:59",63000,NA,NA,1788,"ateesh singh",5227,3,1,"No",1890,4,1,2,43,788,"No",31,0.6,44,2.4,"163, Parkside Ave,",13207,-76.1632598,43.0249997,NA,"36","067","36067005100","51","Census Tract 51","G5020","S",804288,0,"+43.0236890","-076.1604174","36","067","005100","36067005100","51","Census Tract 51","G5020","S",804288,0,"+43.0236890","-076.1604174","Census Tract 51, Onondaga County, New York","36","067",790,24595,575,1201,44,322,12,TRUE
"24","002901","1/16/2015 11:38",132000,NA,NA,1786,"Ateesh Singh",4093,3,1.5,"No",1910,1,2,1,56,1620,"No",12,2,8,2.7,"301, South Avery Avenue",13204,-76.189381,43.043073,NA,"36","067","36067002901","29.01","Census Tract 29.01","G5020","S",1870601,0,"+43.0441999","-076.1820651","36","067","002901","36067002901","29.01","Census Tract 29.01","G5020","S",1870601,0,"+43.0441999","-076.1820651","Census Tract 29.01, Onondaga County, New York","36","067",342,56230,2471,61,0,115,7,TRUE
"25","002901","1/16/2015 12:03",180000,NA,NA,1204,"Ateesh Singh",3484,4,2,"No",1900,1,1,2,74,609,"No",7,1.3,14,1.7,"114, Nelson Street",13204,-76.1772699,43.046717,NA,"36","067","36067002901","29.01","Census Tract 29.01","G5020","S",1870601,0,"+43.0441999","-076.1820651","36","067","002901","36067002901","29.01","Census Tract 29.01","G5020","S",1870601,0,"+43.0441999","-076.1820651","Census Tract 29.01, Onondaga County, New York","36","067",342,56230,2471,61,0,115,7,TRUE
"26","002901","1/16/2015 12:17",98999,NA,NA,1462,"Ateesh singh",6165.41095890411,4,2,"No",1890,1,1,2,71,1651,"No",9,1,8,1.8,"567 S Wilbur Ave",13204,-76.17556,43.044507,NA,"36","067","36067002901","29.01","Census Tract 29.01","G5020","S",1870601,0,"+43.0441999","-076.1820651","36","067","002901","36067002901","29.01","Census Tract 29.01","G5020","S",1870601,0,"+43.0441999","-076.1820651","Census Tract 29.01, Onondaga County, New York","36","067",342,56230,2471,61,0,115,7,TRUE
"27","005100","1/16/2015 13:45",50310,NA,NA,1460,"Ateesh Singh",6534,3,2,"No",1900,4,1,2,58,509,"Yes",4,1.7,8,1.7,"217,Rockland Ave,",13207,-76.157372,43.023752,NA,"36","067","36067005100","51","Census Tract 51","G5020","S",804288,0,"+43.0236890","-076.1604174","36","067","005100","36067005100","51","Census Tract 51","G5020","S",804288,0,"+43.0236890","-076.1604174","Census Tract 51, Onondaga County, New York","36","067",790,24595,575,1201,44,322,12,TRUE
"28","005700","1/16/2015 14:04",40000,NA,NA,1248,"Ateesh Singh",8276,3,1,"No",1920,4,2,2,43,506,"No",7,2.7,0,4.2,"421 Glenwood Ave",13207,-76.167588,43.019499,NA,"36","067","36067005700","57","Census Tract 57","G5020","S",1356596,0,"+43.0152012","-076.1636184","36","067","005700","36067005700","57","Census Tract 57","G5020","S",1356596,0,"+43.0152012","-076.1636184","Census Tract 57, Onondaga County, New York","36","067",351,42266,665,1018,0,79,5,TRUE
"29","000501","1/16/2015 14:16",18500,NA,NA,1976,"Ateesh Singh",2401,6,2,"No",1910,2,1,1,68,1231,"No",3,0.5,28,0.4,"209,Lemoyne Ave",13208,-76.1645111,43.0685293,NA,"36","067","36067000501","5.01","Census Tract 5.01","G5020","S",714188,0,"+43.0637527","-076.1569900","36","067","000501","36067000501","5.01","Census Tract 5.01","G5020","S",714188,0,"+43.0637527","-076.1569900","Census Tract 5.01, Onondaga County, New York","36","067",1018,20165,944,422,550,260,13,TRUE
"30","000400","1/16/2015 15:07",80105,NA,NA,1378,"Ateesh Singh",4070,3,1,"No",1900,2,1,2,56,1603,"No",7,1.9,13,2.6,"236 Huntley street",13208,-76.1379731,43.0776953,NA,"36","067","36067000400","4","Census Tract 4","G5020","S",1524699,0,"+43.0762560","-076.1378045","36","067","000400","36067000400","4","Census Tract 4","G5020","S",1524699,0,"+43.0762560","-076.1378045","Census Tract 4, Onondaga County, New York","36","067",549,41935,2582,449,242,188,10,TRUE
"31","005100","1/16/2015 15:28",82828,NA,NA,2262,"Ateesh singh",6165.41095890411,6,2,"Yes",1915,4,1,2,66,1240,"No",1,1.1,1,0.7,"137 E Bissel St.",13207,-76.1576664,43.0254039,NA,"36","067","36067005100","51","Census Tract 51","G5020","S",804288,0,"+43.0236890","-076.1604174","36","067","005100","36067005100","51","Census Tract 51","G5020","S",804288,0,"+43.0236890","-076.1604174","Census Tract 51, Onondaga County, New York","36","067",790,24595,575,1201,44,322,12,TRUE
"32","004900","1/16/2015 15:48",62957,NA,NA,1722,"Ateesh Singh",6239,6,2,"Yes",1900,2,4,1,48,1723,"No",0.9,1.5,15,0.9,"1508 S Geddes St, ",13207,-76.175773,43.032111,NA,"36","067","36067004900","49","Census Tract 49","G5020","S",796560,57084,"+43.0261098","-076.1769245","36","067","004900","36067004900","49","Census Tract 49","G5020","S",796560,57084,"+43.0261098","-076.1769245","Census Tract 49, Onondaga County, New York","36","067",512,34402,882,379,21,68,4,TRUE
"33","003800","1/16/2015 17:17",49900,NA,NA,1194,"Kicia Sears",9583,2,1,"No",1860,1,9,1,49,1113,"No",24,1.8,15,1.5,"134 Hoefler St",13204,-76.180091,43.036865,NA,"36","067","36067003800","38","Census Tract 38","G5020","S",772366,0,"+43.0361519","-076.1796494","36","067","003800","36067003800","38","Census Tract 38","G5020","S",772366,0,"+43.0361519","-076.1796494","Census Tract 38, Onondaga County, New York","36","067",953,26585,1306,811,5,466,4,TRUE
"34","003800","1/16/2015 17:23",42000,NA,NA,1110,"Kicia Sears",3484,3,2,"Yes",1925,1,2,1,57,1088,"No",23,1.8,15,1.6,"205 Hartson St",13204,-76.1776364,43.0363417,NA,"36","067","36067003800","38","Census Tract 38","G5020","S",772366,0,"+43.0361519","-076.1796494","36","067","003800","36067003800","38","Census Tract 38","G5020","S",772366,0,"+43.0361519","-076.1796494","Census Tract 38, Onondaga County, New York","36","067",953,26585,1306,811,5,466,4,TRUE
"35","003601","1/16/2015 17:35",79900,NA,NA,1234,"Kicia Sears",5662,2,1,"Yes",1930,2,2,3,49,1140,"No",21,2,10,2.8,"302 Beattie St",13224,-76.108621,43.0491249,NA,"36","067","36067003601","36.01","Census Tract 36.01","G5020","S",1107236,0,"+43.0509535","-076.1092805","36","067","003601","36067003601","36.01","Census Tract 36.01","G5020","S",1107236,0,"+43.0509535","-076.1092805","Census Tract 36.01, Onondaga County, New York","36","067",888,30026,610,1464,45,206,4,TRUE
"36","003602","1/16/2015 17:54",69998,NA,NA,1150,"Kicia Sears",3435,3,1.5,"Yes",1962,2,3,3,48,1201,"No",20,2.5,1,2.1,"306 Mountainview Ave",13224,-76.099751,43.050488,NA,"36","067","36067003602","36.02","Census Tract 36.02","G5020","S",1644591,0,"+43.0537868","-076.0956358","36","067","003602","36067003602","36.02","Census Tract 36.02","G5020","S",1644591,0,"+43.0537868","-076.0956358","Census Tract 36.02, Onondaga County, New York","36","067",383,38618,782,1229,55,141,6,TRUE
"37","003602","1/16/2015 18:00",74900,NA,NA,1198,"Kicia Sears",4791,3,2,"Yes",1923,2,2,3,59,1661,"No",19,2.3,5,2.2,"147 Fayette Blvd",13224,-76.1017619,43.049259,NA,"36","067","36067003602","36.02","Census Tract 36.02","G5020","S",1644591,0,"+43.0537868","-076.0956358","36","067","003602","36067003602","36.02","Census Tract 36.02","G5020","S",1644591,0,"+43.0537868","-076.0956358","Census Tract 36.02, Onondaga County, New York","36","067",383,38618,782,1229,55,141,6,TRUE
"38","003601","1/16/2015 18:14",72000,NA,NA,1320,"Kicia Sears",4356,3,2,"Yes",1925,2,2,3,50,1595,"No",17,1.7,15,1.7,"273 Genessee Park Drive",13224,-76.108849,43.046193,NA,"36","067","36067003601","36.01","Census Tract 36.01","G5020","S",1107236,0,"+43.0509535","-076.1092805","36","067","003601","36067003601","36.01","Census Tract 36.01","G5020","S",1107236,0,"+43.0509535","-076.1092805","Census Tract 36.01, Onondaga County, New York","36","067",888,30026,610,1464,45,206,4,TRUE
"39","003800","1/16/2015 18:20",49900,NA,NA,2003,"Kicia Sears",3920,6,2,"No",1900,2,4,1,59,1950,"No",26,1.8,26,1.8,"310 Arthur Street",13204,-76.177434,43.034194,NA,"36","067","36067003800","38","Census Tract 38","G5020","S",772366,0,"+43.0361519","-076.1796494","36","067","003800","36067003800","38","Census Tract 38","G5020","S",772366,0,"+43.0361519","-076.1796494","Census Tract 38, Onondaga County, New York","36","067",953,26585,1306,811,5,466,4,TRUE
"40","003602","1/16/2015 18:29",79900,NA,NA,1548,"Kicia Sears",6098,3,1,"Yes",1973,2,2,3,63,794,"No",12,3,5,2.9,"484 Audubon Parkway",13224,-76.095636,43.0514579,NA,"36","067","36067003602","36.02","Census Tract 36.02","G5020","S",1644591,0,"+43.0537868","-076.0956358","36","067","003602","36067003602","36.02","Census Tract 36.02","G5020","S",1644591,0,"+43.0537868","-076.0956358","Census Tract 36.02, Onondaga County, New York","36","067",383,38618,782,1229,55,141,6,TRUE
"41","003602","1/16/2015 18:47",84900,NA,NA,1250,"Kicia Sears",6000,3,1.5,"Yes",1952,2,2,5,48,875,"Yes",21,2.3,7,2.1,"638 Salisbury Park Drive",13224,-76.097847,43.0481089,NA,"36","067","36067003602","36.02","Census Tract 36.02","G5020","S",1644591,0,"+43.0537868","-076.0956358","36","067","003602","36067003602","36.02","Census Tract 36.02","G5020","S",1644591,0,"+43.0537868","-076.0956358","Census Tract 36.02, Onondaga County, New York","36","067",383,38618,782,1229,55,141,6,TRUE
"42","003500","1/16/2015 19:01",56000,NA,NA,1664,"Kicia Sears",1735,4,2,"No",1910,1,3,2,65,871,"No",11,1.4,17,3.2,"461 Westmoreland Ave",13210,-76.1145372,43.0458128,NA,"36","067","36067003500","35","Census Tract 35","G5020","S",1137202,0,"+43.0479840","-076.1200136","36","067","003500","36067003500","35","Census Tract 35","G5020","S",1137202,0,"+43.0479840","-076.1200136","Census Tract 35, Onondaga County, New York","36","067",1272,16304,930,1007,211,326,9,TRUE
"43","002400","1/17/2015 15:10",74900,NA,NA,944,"Jake Thorsen",10711,2,2,"Yes",1984,1,3,2,65,2263,"Yes",0.5,1.8,8,4.5,"230 Delhi Street",13202,-76.131732,43.057055,NA,"36","067","36067002400","24","Census Tract 24","G5020","S",465678,0,"+43.0540773","-076.1350296","36","067","002400","36067002400","24","Census Tract 24","G5020","S",465678,0,"+43.0540773","-076.1350296","Census Tract 24, Onondaga County, New York","36","067",979,23102,916,602,166,250,10,TRUE
"44","002400","1/17/2015 15:18",24900,NA,NA,1656,"Jake Thorsen",4356,2,2,"No",1900,1,3,2,72,1086,"Yes",6,1.7,10,1.6,"813 Hawley Ave",13203,-76.1309948,43.0554988,NA,"36","067","36067002400","24","Census Tract 24","G5020","S",465678,0,"+43.0540773","-076.1350296","36","067","002400","36067002400","24","Census Tract 24","G5020","S",465678,0,"+43.0540773","-076.1350296","Census Tract 24, Onondaga County, New York","36","067",979,23102,916,602,166,250,10,TRUE
"45","001600","1/17/2015 14:57",72500,NA,NA,3627,"Jake Thorsen",2613,7,5,"No",1910,1,3,2,78,1860.04,"No",3,1.2,16,2.7,"705 Lodi St",13203,-76.138907,43.05522,NA,"36","067","36067001600","16","Census Tract 16","G5020","S",559576,0,"+43.0571312","-076.1378340","36","067","001600","36067001600","16","Census Tract 16","G5020","S",559576,0,"+43.0571312","-076.1378340","Census Tract 16, Onondaga County, New York","36","067",808,21672,2028,801,113,185,9,TRUE
"46","000501","1/17/2015 15:36",58900,NA,NA,2712,"Jake Thorsen",4356,6,3,"No",1870,1,1,1,81,2302,"No",2,1.1,16,1.2,"1006 N Townsend St",13208,-76.151854,43.061529,NA,"36","067","36067000501","5.01","Census Tract 5.01","G5020","S",714188,0,"+43.0637527","-076.1569900","36","067","000501","36067000501","5.01","Census Tract 5.01","G5020","S",714188,0,"+43.0637527","-076.1569900","Census Tract 5.01, Onondaga County, New York","36","067",1018,20165,944,422,550,260,13,TRUE
"47","000501","1/17/2015 15:53",49900,NA,NA,2464,"Jake Thorsen",3484,6,3,"No",1900,1,1,1,87,1890,"No",2,1.1,17,5,"412 E Division",13208,-76.1511417,43.0611623,NA,"36","067","36067000501","5.01","Census Tract 5.01","G5020","S",714188,0,"+43.0637527","-076.1569900","36","067","000501","36067000501","5.01","Census Tract 5.01","G5020","S",714188,0,"+43.0637527","-076.1569900","Census Tract 5.01, Onondaga County, New York","36","067",1018,20165,944,422,550,260,13,TRUE
"48","001400","1/17/2015 16:04",29900,NA,NA,1390,"Jake Thorsen",1742,3,1,"No",1910,1,1,1,80,959,"No",6,1.4,18,1.4,"109 Lilac street",13208,-76.1509584,43.0631091,NA,"36","067","36067001400","14","Census Tract 14","G5020","S",415681,0,"+43.0638377","-076.1481159","36","067","001400","36067001400","14","Census Tract 14","G5020","S",415681,0,"+43.0638377","-076.1481159","Census Tract 14, Onondaga County, New York","36","067",2063,20500,1096,843,1317,314,13,TRUE
"49","001400","1/17/2015 16:11",45000,NA,NA,2624,"Jake Thorsen",4791,6,2,"No",1900,1,1,1,83,1484,"No",7,1.3,19,1.5,"608 Ash Street",13208,-76.1475565,43.0617666,NA,"36","067","36067001400","14","Census Tract 14","G5020","S",415681,0,"+43.0638377","-076.1481159","36","067","001400","36067001400","14","Census Tract 14","G5020","S",415681,0,"+43.0638377","-076.1481159","Census Tract 14, Onondaga County, New York","36","067",2063,20500,1096,843,1317,314,13,TRUE
"50","001400","1/17/2015 16:16",59000,NA,NA,2208,"Jake Thorsen",4356,4,2,"No",1910,1,1,1,71,1372,"No",8,1.4,20,1.4,"1113 Park Street",13208,-76.1499983,43.0652808,NA,"36","067","36067001400","14","Census Tract 14","G5020","S",415681,0,"+43.0638377","-076.1481159","36","067","001400","36067001400","14","Census Tract 14","G5020","S",415681,0,"+43.0638377","-076.1481159","Census Tract 14, Onondaga County, New York","36","067",2063,20500,1096,843,1317,314,13,TRUE
"51","000300","1/19/2015 14:01",79950,NA,NA,972,"Gonzalo Talavera",4791,2,1,"Yes",1925,2,1,2,38,1031,"No",25,2,26,0.2,"110 Merril St",13208,-76.148968,43.081257,NA,"36","067","36067000300","3","Census Tract 3","G5020","S",574912,0,"+43.0812047","-076.1483599","36","067","000300","36067000300","3","Census Tract 3","G5020","S",574912,0,"+43.0812047","-076.1483599","Census Tract 3, Onondaga County, New York","36","067",179,46406,1155,293,145,38,2,TRUE
"52","000300","1/19/2015 14:10",69900,NA,NA,1160,"Gonzalo Talavera",6969,2,1,"Yes",1950,2,1,2,48,1272,"No",26,1.9,29,0.4,"310 Martin St",13208,-76.152439,43.082159,3,"36","067","36067000300","3","Census Tract 3","G5020","S",574912,0,"+43.0812047","-076.1483599","36","067","000300","36067000300","3","Census Tract 3","G5020","S",574912,0,"+43.0812047","-076.1483599","Census Tract 3, Onondaga County, New York","36","067",179,46406,1155,293,145,38,2,TRUE
"53","000300","1/19/2015 14:18",59900,NA,NA,1536,"Gonzalo Talavera",4791,3,1,"Yes",1930,2,1,2,47,1461,"No",25,2,24,0.2,"308 Cadillac St",13208,-76.149858,43.079235,3,"36","067","36067000300","3","Census Tract 3","G5020","S",574912,0,"+43.0812047","-076.1483599","36","067","000300","36067000300","3","Census Tract 3","G5020","S",574912,0,"+43.0812047","-076.1483599","Census Tract 3, Onondaga County, New York","36","067",179,46406,1155,293,145,38,2,TRUE
"54","000300","1/19/2015 14:26",94900,NA,NA,976,"Gonzalo Talavera",6098,2,2,"No",1974,2,1,2,47,1251,"No",24,1.9,23,0.4,"150 7th North St",13208,-76.150267,43.078093,3,"36","067","36067000300","3","Census Tract 3","G5020","S",574912,0,"+43.0812047","-076.1483599","36","067","000300","36067000300","3","Census Tract 3","G5020","S",574912,0,"+43.0812047","-076.1483599","Census Tract 3, Onondaga County, New York","36","067",179,46406,1155,293,145,38,2,TRUE
"55","000300","1/19/2015 14:31",81900,NA,NA,1728,"Gonzalo Talavera",7123,4,2,"Yes",1915,2,1,2,49,1285,"No",26,2,20,0.2,"1435 Court St",13208,-76.146809,43.078469,3,"36","067","36067000300","3","Census Tract 3","G5020","S",574912,0,"+43.0812047","-076.1483599","36","067","000300","36067000300","3","Census Tract 3","G5020","S",574912,0,"+43.0812047","-076.1483599","Census Tract 3, Onondaga County, New York","36","067",179,46406,1155,293,145,38,2,TRUE
"56","000300","1/19/2015 14:39",12000,NA,NA,1524,"Gonzalo Talavera",4000,4,2,"Yes",1950,2,1,2,32,2030,"No",25,2.4,25,0.5,"1045 Wadsworth St",13208,-76.1444882,43.0810237,3,"36","067","36067000300","3","Census Tract 3","G5020","S",574912,0,"+43.0812047","-076.1483599","36","067","000300","36067000300","3","Census Tract 3","G5020","S",574912,0,"+43.0812047","-076.1483599","Census Tract 3, Onondaga County, New York","36","067",179,46406,1155,293,145,38,2,TRUE
"57","000300","1/19/2015 14:43",79900,NA,NA,1080,"Gonzalo Talavera",5227,3,1,"Yes",1950,2,1,2,32,1386,"No",24,2.4,26,0.5,"133 Harford Rd",13208,-76.1441197,43.0820426,3,"36","067","36067000300","3","Census Tract 3","G5020","S",574912,0,"+43.0812047","-076.1483599","36","067","000300","36067000300","3","Census Tract 3","G5020","S",574912,0,"+43.0812047","-076.1483599","Census Tract 3, Onondaga County, New York","36","067",179,46406,1155,293,145,38,2,TRUE
"58","000300","1/19/2015 14:50",64930,NA,NA,1056,"Gonzalo Talavera",5822,3,1,"Yes",1928,2,1,2,40,1362,"No",22,2.3,29,0.5,"325 Harford Rd",13208,-76.1459954,43.083452,3,"36","067","36067000300","3","Census Tract 3","G5020","S",574912,0,"+43.0812047","-076.1483599","36","067","000300","36067000300","3","Census Tract 3","G5020","S",574912,0,"+43.0812047","-076.1483599","Census Tract 3, Onondaga County, New York","36","067",179,46406,1155,293,145,38,2,TRUE
"59","000300","1/19/2015 14:54",60570,NA,NA,1136,"Gonzalo Talavera",8844,3,1,"No",1950,2,1,2,45,1237,"No",23,1.9,26,0.4,"108 Ellen St",13208,-76.151042,43.080115,3,"36","067","36067000300","3","Census Tract 3","G5020","S",574912,0,"+43.0812047","-076.1483599","36","067","000300","36067000300","3","Census Tract 3","G5020","S",574912,0,"+43.0812047","-076.1483599","Census Tract 3, Onondaga County, New York","36","067",179,46406,1155,293,145,38,2,TRUE
"60","000300","1/19/2015 14:59",83625,NA,NA,1572,"Gonzalo Talavera",4000,3,1,"Yes",1920,2,1,2,32,1626,"No",26,2.3,24,0.4,"1037 Wadsworth St",13208,-76.144273,43.080858,3,"36","067","36067000300","3","Census Tract 3","G5020","S",574912,0,"+43.0812047","-076.1483599","36","067","000300","36067000300","3","Census Tract 3","G5020","S",574912,0,"+43.0812047","-076.1483599","Census Tract 3, Onondaga County, New York","36","067",179,46406,1155,293,145,38,2,TRUE
"61","004000","1/19/2015 15:25",115740,NA,NA,2814,"Gonzalo Talavera",5940,7,3,"No",1925,1,1,2,64,1841,"No",14,1.1,23,1.6,"316 Shonnard St",13204,-76.165498,43.0415629,40,"36","067","36067004000","40","Census Tract 40","G5020","S",501636,0,"+43.0415797","-076.1623869","36","067","004000","36067004000","40","Census Tract 40","G5020","S",501636,0,"+43.0415797","-076.1623869","Census Tract 40, Onondaga County, New York","36","067",581,28472,651,946,0,235,10,TRUE
"62","004000","1/19/2015 15:45",54782,NA,NA,1394,"Gonzalo Talavera",1742,6,2,"No",1910,1,1,2,70,665,"No",19,1.3,22,2,"420 Merriman Ave",13204,-76.171922,43.040187,40,"36","067","36067004000","40","Census Tract 40","G5020","S",501636,0,"+43.0415797","-076.1623869","36","067","004000","36067004000","40","Census Tract 40","G5020","S",501636,0,"+43.0415797","-076.1623869","Census Tract 40, Onondaga County, New York","36","067",581,28472,651,946,0,235,10,TRUE
"63","004000","1/19/2015 15:47",56172,NA,NA,1712,"Gonzalo Talavera",3049,4,2,"No",1900,1,1,2,70,909,"No",19,1.3,22,2,"418 Merriman Ave",13204,-76.17178,43.040216,40,"36","067","36067004000","40","Census Tract 40","G5020","S",501636,0,"+43.0415797","-076.1623869","36","067","004000","36067004000","40","Census Tract 40","G5020","S",501636,0,"+43.0415797","-076.1623869","Census Tract 40, Onondaga County, New York","36","067",581,28472,651,946,0,235,10,TRUE
"64","004000","1/19/2015 15:55",89842,NA,NA,1600,"Gonzalo Talavera",4356,5,2,"No",1870,1,1,2,70,715,"No",18,1.2,27,2,"661 Gifford St",13204,-76.1703858,43.0426901,40,"36","067","36067004000","40","Census Tract 40","G5020","S",501636,0,"+43.0415797","-076.1623869","36","067","004000","36067004000","40","Census Tract 40","G5020","S",501636,0,"+43.0415797","-076.1623869","Census Tract 40, Onondaga County, New York","36","067",581,28472,651,946,0,235,10,TRUE
"65","004000","1/19/2015 16:01",65809,NA,NA,1590,"Gonzalo Talavera",5808,3,1,"No",1925,1,1,2,71,2630,"No",20,1.2,28,1.8,"519 Seymour St",13204,-76.168335,43.041793,40,"36","067","36067004000","40","Census Tract 40","G5020","S",501636,0,"+43.0415797","-076.1623869","36","067","004000","36067004000","40","Census Tract 40","G5020","S",501636,0,"+43.0415797","-076.1623869","Census Tract 40, Onondaga County, New York","36","067",581,28472,651,946,0,235,10,TRUE
"66","004000","1/19/2015 16:07",53516,NA,NA,1131,"Gonzalo Talavera",4356,4,1.5,"No",1870,1,1,2,69,739,"No",18,1,30,1.8,"607 Gifford St",13204,-76.1672441,43.0428674,40,"36","067","36067004000","40","Census Tract 40","G5020","S",501636,0,"+43.0415797","-076.1623869","36","067","004000","36067004000","40","Census Tract 40","G5020","S",501636,0,"+43.0415797","-076.1623869","Census Tract 40, Onondaga County, New York","36","067",581,28472,651,946,0,235,10,TRUE
"67","004000","1/19/2015 16:20",110654,NA,NA,2452,"Gonzalo Talavera",6600,6,3,"No",1920,1,1,2,71,1160,"No",17,1,21,1.8,"411 Seymour St",13204,-76.164567,43.0419709,40,"36","067","36067004000","40","Census Tract 40","G5020","S",501636,0,"+43.0415797","-076.1623869","36","067","004000","36067004000","40","Census Tract 40","G5020","S",501636,0,"+43.0415797","-076.1623869","Census Tract 40, Onondaga County, New York","36","067",581,28472,651,946,0,235,10,TRUE
"68","004000","1/19/2015 16:25",87943,NA,NA,2284,"Gonzalo Talavera",1320,6,2,"Yes",1900,1,1,2,80,821,"No",14,0.8,23,1.5,"314 Seymour St",13204,-76.161218,43.042672,40,"36","067","36067004000","40","Census Tract 40","G5020","S",501636,0,"+43.0415797","-076.1623869","36","067","004000","36067004000","40","Census Tract 40","G5020","S",501636,0,"+43.0415797","-076.1623869","Census Tract 40, Onondaga County, New York","36","067",581,28472,651,946,0,235,10,TRUE
"69","004000","1/19/2015 16:29",143473,NA,NA,3618,"Gonzalo Talavera",4356,8,3,"No",1930,1,1,4,77,715,"No",12,0.7,26,1.6,"333 Gifford St",13204,-76.1600822,43.0431463,40,"36","067","36067004000","40","Census Tract 40","G5020","S",501636,0,"+43.0415797","-076.1623869","36","067","004000","36067004000","40","Census Tract 40","G5020","S",501636,0,"+43.0415797","-076.1623869","Census Tract 40, Onondaga County, New York","36","067",581,28472,651,946,0,235,10,TRUE
"70","004000","1/19/2015 16:35",102641,NA,NA,2708,"Gonzalo Talavera",4356,4,2,"No",1925,1,1,4,77,857,"No",12,0.7,28,1.6,"331 Gifford St",13204,-76.1599505,43.0431681,40,"36","067","36067004000","40","Census Tract 40","G5020","S",501636,0,"+43.0415797","-076.1623869","36","067","004000","36067004000","40","Census Tract 40","G5020","S",501636,0,"+43.0415797","-076.1623869","Census Tract 40, Onondaga County, New York","36","067",581,28472,651,946,0,235,10,TRUE
"71","003400","1/19/2015 16:45",182000,NA,NA,1200,"Mario Rosas",25000,2,1,"No",1940,1,1,2,81,0,"No",6,0.7,15,3.9,"917 Madison St.",13210,-76.133031,43.0456675,43,"36","067","36067003400","34","Census Tract 34","G5020","S",862442,0,"+43.0486573","-076.1342736","36","067","003400","36067003400","34","Census Tract 34","G5020","S",862442,0,"+43.0486573","-076.1342736","Census Tract 34, Onondaga County, New York","36","067",667,13224,435,364,167,104,7,TRUE
"72","003400","1/19/2015 16:56",159900,NA,NA,1065,"Mario Rosas",0,2,1,"No",1940,1,1,2,82,746,"No",14,0.7,15,3.9,"917 Madison St.",13210,-76.133031,43.0456675,43,"36","067","36067003400","34","Census Tract 34","G5020","S",862442,0,"+43.0486573","-076.1342736","36","067","003400","36067003400","34","Census Tract 34","G5020","S",862442,0,"+43.0486573","-076.1342736","Census Tract 34, Onondaga County, New York","36","067",667,13224,435,364,167,104,7,TRUE
"73","003400","1/19/2015 16:58",159900,NA,NA,1455,"Mario Rosas",0,2,2,"No",1940,1,1,2,81,1395,"No",8,0.7,15,3.9,"917 Madison St.",13210,-76.133031,43.0456675,43,"36","067","36067003400","34","Census Tract 34","G5020","S",862442,0,"+43.0486573","-076.1342736","36","067","003400","36067003400","34","Census Tract 34","G5020","S",862442,0,"+43.0486573","-076.1342736","Census Tract 34, Onondaga County, New York","36","067",667,13224,435,364,167,104,7,TRUE
"74","000400","1/19/2015 16:58",1e+05,NA,NA,1093,"Hiroko Masuda",6098,3,1,"Yes",1943,2,1,2,44,1344,"No",8,2.7,20,2.7,"516 Darlington Rd",13208,-76.1363577,43.0786909,NA,"36","067","36067000400","4","Census Tract 4","G5020","S",1524699,0,"+43.0762560","-076.1378045","36","067","000400","36067000400","4","Census Tract 4","G5020","S",1524699,0,"+43.0762560","-076.1378045","Census Tract 4, Onondaga County, New York","36","067",549,41935,2582,449,242,188,10,TRUE
"75","002000","1/19/2015 17:14",61111,NA,NA,1829,"Mario Rosas",3049,5,2,"No",1930,1,2,1,61,2014,"No",8,2.8,4,2.8,"119 Essex St",13204,-76.194053,43.056016,20,"36","067","36067002000","20","Census Tract 20","G5020","S",945411,0,"+43.0568412","-076.1933162","36","067","002000","36067002000","20","Census Tract 20","G5020","S",945411,0,"+43.0568412","-076.1933162","Census Tract 20, Onondaga County, New York","36","067",497,32500,1743,184,0,122,11,TRUE
"76","000400","1/19/2015 17:15",69900,NA,NA,864,"Hiroko Masuda",3920,3,1,"Yes",1952,2,1,2,44,1100,"No",13,2.9,21,2.9,"375 Pleasantview Ave",13208,-76.134626,43.076828,4,"36","067","36067000400","4","Census Tract 4","G5020","S",1524699,0,"+43.0762560","-076.1378045","36","067","000400","36067000400","4","Census Tract 4","G5020","S",1524699,0,"+43.0762560","-076.1378045","Census Tract 4, Onondaga County, New York","36","067",549,41935,2582,449,242,188,10,TRUE
"77","002000","1/19/2015 17:18",69900,NA,NA,1252,"Mario Rosas",4356,4,1,"No",1910,1,2,1,65,1398,"No",9,1.9,9,2,"824 Avery Ave.",13204,-76.195235,43.053694,20,"36","067","36067002000","20","Census Tract 20","G5020","S",945411,0,"+43.0568412","-076.1933162","36","067","002000","36067002000","20","Census Tract 20","G5020","S",945411,0,"+43.0568412","-076.1933162","Census Tract 20, Onondaga County, New York","36","067",497,32500,1743,184,0,122,11,TRUE
"78","002000","1/19/2015 17:22",63900,NA,NA,1743,"Mario Rosas",3484,4,2,"No",1935,1,2,1,60,2003,"No",8,2.2,4,2.2,"205 Essex",13204,-76.195261,43.055532,20,"36","067","36067002000","20","Census Tract 20","G5020","S",945411,0,"+43.0568412","-076.1933162","36","067","002000","36067002000","20","Census Tract 20","G5020","S",945411,0,"+43.0568412","-076.1933162","Census Tract 20, Onondaga County, New York","36","067",497,32500,1743,184,0,122,11,TRUE
"79","002000","1/19/2015 17:26",44900,NA,NA,1284,"Mario Rosas",2613,3,1.5,"Yes",1925,1,2,1,52,1392,"No",7,2.1,8,2.1,"112 Coykendall Ave",13204,-76.1964192,43.056399,20,"36","067","36067002000","20","Census Tract 20","G5020","S",945411,0,"+43.0568412","-076.1933162","36","067","002000","36067002000","20","Census Tract 20","G5020","S",945411,0,"+43.0568412","-076.1933162","Census Tract 20, Onondaga County, New York","36","067",497,32500,1743,184,0,122,11,TRUE
"80","002000","1/19/2015 17:29",56000,NA,NA,1590,"Mario Rosas",3484,4,2,"Yes",1840,1,2,1,66,1574,"No",6,2.2,9,2.2,"418 Chemung St.",13204,-76.199413,43.056372,20,"36","067","36067002000","20","Census Tract 20","G5020","S",945411,0,"+43.0568412","-076.1933162","36","067","002000","36067002000","20","Census Tract 20","G5020","S",945411,0,"+43.0568412","-076.1933162","Census Tract 20, Onondaga County, New York","36","067",497,32500,1743,184,0,122,11,TRUE
"81","000400","1/19/2015 17:29",79900,NA,NA,949,"Hiroko Masuda",5227,2,2,"Yes",1925,2,1,2,56,907,"No",5,2.2,18,2.2,"245 Dale St # 47",13208,-76.1452156,43.0770398,4,"36","067","36067000400","4","Census Tract 4","G5020","S",1524699,0,"+43.0762560","-076.1378045","36","067","000400","36067000400","4","Census Tract 4","G5020","S",1524699,0,"+43.0762560","-076.1378045","Census Tract 4, Onondaga County, New York","36","067",549,41935,2582,449,242,188,10,TRUE
"82","002000","1/19/2015 17:33",64900,NA,NA,1292,"Mario Rosas",11325.6,3,2,"No",1920,1,2,1,59,875,"No",4,2.2,11,2.2,"112 Kincaid Ave.",13204,-76.199786,43.057712,20,"36","067","36067002000","20","Census Tract 20","G5020","S",945411,0,"+43.0568412","-076.1933162","36","067","002000","36067002000","20","Census Tract 20","G5020","S",945411,0,"+43.0568412","-076.1933162","Census Tract 20, Onondaga County, New York","36","067",497,32500,1743,184,0,122,11,TRUE
"83","001600","1/19/2015 17:35",13203,NA,NA,3627,"Nanae Amaki",2613,7,5,"No",1910,1,3,2,78,0,"No",0.4,1.3,0,1,"705 Lodi St",13203,-76.138907,43.05522,NA,"36","067","36067001600","16","Census Tract 16","G5020","S",559576,0,"+43.0571312","-076.1378340","36","067","001600","36067001600","16","Census Tract 16","G5020","S",559576,0,"+43.0571312","-076.1378340","Census Tract 16, Onondaga County, New York","36","067",808,21672,2028,801,113,185,9,TRUE
"84","002400","1/19/2015 17:36",61170,NA,NA,1248,"Nanae Amaki",3703,2,2,"Yes",1988,1,3,2,81,0,"No",0.4,1.3,0,1,"606 Lodi St",13203,-76.137057,43.055002,NA,"36","067","36067002400","24","Census Tract 24","G5020","S",465678,0,"+43.0540773","-076.1350296","36","067","002400","36067002400","24","Census Tract 24","G5020","S",465678,0,"+43.0540773","-076.1350296","Census Tract 24, Onondaga County, New York","36","067",979,23102,916,602,166,250,10,TRUE
"85","000400","1/19/2015 17:37",89900,NA,NA,1176,"Hiroko Masuda",4791,3,1,"Yes",1925,2,1,2,48,1596,"No",7,2.2,21,2.2,"172 Loma Ave",13208,-76.1440309,43.0790392,4,"36","067","36067000400","4","Census Tract 4","G5020","S",1524699,0,"+43.0762560","-076.1378045","36","067","000400","36067000400","4","Census Tract 4","G5020","S",1524699,0,"+43.0762560","-076.1378045","Census Tract 4, Onondaga County, New York","36","067",549,41935,2582,449,242,188,10,TRUE
"86","002000","1/19/2015 17:37",39900,NA,NA,1910,"Mario Rosas",4356,3,0,"No",1900,1,2,1,60,1536,"No",6,1.9,9,1.9,"934 Emerson Ave.",13204,-76.194847,43.05943,20,"36","067","36067002000","20","Census Tract 20","G5020","S",945411,0,"+43.0568412","-076.1933162","36","067","002000","36067002000","20","Census Tract 20","G5020","S",945411,0,"+43.0568412","-076.1933162","Census Tract 20, Onondaga County, New York","36","067",497,32500,1743,184,0,122,11,TRUE
"87","002901","1/19/2015 17:41",89000,NA,NA,1313,"Nanae Amaki",3795,3,2,"No",1906,1,2,1,48,0,"No",0.6,2.1,0.1,3.3,"536 Bryant Ave",13204,-76.1885152,43.0438326,NA,"36","067","36067002901","29.01","Census Tract 29.01","G5020","S",1870601,0,"+43.0441999","-076.1820651","36","067","002901","36067002901","29.01","Census Tract 29.01","G5020","S",1870601,0,"+43.0441999","-076.1820651","Census Tract 29.01, Onondaga County, New York","36","067",342,56230,2471,61,0,115,7,TRUE
"88","002901","1/19/2015 17:42",132000,NA,NA,1786,"Nanae Amaki",4093,3,1.5,"No",1910,1,2,1,56,1620,"No",0.6,2.1,0.1,3.3,"301 S Avery Ave",13204,-76.189381,43.043073,NA,"36","067","36067002901","29.01","Census Tract 29.01","G5020","S",1870601,0,"+43.0441999","-076.1820651","36","067","002901","36067002901","29.01","Census Tract 29.01","G5020","S",1870601,0,"+43.0441999","-076.1820651","Census Tract 29.01, Onondaga County, New York","36","067",342,56230,2471,61,0,115,7,TRUE
"89","002901","1/19/2015 17:43",97888,NA,NA,1578,"Nanae Amaki",4125,3,1.5,"Yes",1928,1,2,1,54,1934,"No",0.6,2.1,0.1,3.3,"447 Whittier Ave",13204,-76.185917,43.043474,NA,"36","067","36067002901","29.01","Census Tract 29.01","G5020","S",1870601,0,"+43.0441999","-076.1820651","36","067","002901","36067002901","29.01","Census Tract 29.01","G5020","S",1870601,0,"+43.0441999","-076.1820651","Census Tract 29.01, Onondaga County, New York","36","067",342,56230,2471,61,0,115,7,TRUE
"90","000400","1/19/2015 17:46",89900,NA,NA,1604,"Hiroko Masuda ",4536,4,2,"Yes",1920,2,1,2,44,1393,"No",7,2.4,24,2.4,"254 Maplehurst Ave",13208,-76.1405643,43.0809097,4,"36","067","36067000400","4","Census Tract 4","G5020","S",1524699,0,"+43.0762560","-076.1378045","36","067","000400","36067000400","4","Census Tract 4","G5020","S",1524699,0,"+43.0762560","-076.1378045","Census Tract 4, Onondaga County, New York","36","067",549,41935,2582,449,242,188,10,TRUE
"91","003500","1/19/2015 17:49",180000,NA,NA,2316,"Nanae Amaki",6995,4,3.5,"Yes",1940,1,3,2,68,1880,"No",0.4,1.8,0,1.3,"321 Allen St",13210,-76.116657,43.04625,NA,"36","067","36067003500","35","Census Tract 35","G5020","S",1137202,0,"+43.0479840","-076.1200136","36","067","003500","36067003500","35","Census Tract 35","G5020","S",1137202,0,"+43.0479840","-076.1200136","Census Tract 35, Onondaga County, New York","36","067",1272,16304,930,1007,211,326,9,TRUE
"92","003500","1/19/2015 17:52",189900,NA,NA,3224,"Nanae  Amaki",6534,6,2,"Yes",1935,3,3,9,75,0,"No",0.3,1.8,0,1.4,"157 Cambridge St",13210,-76.1176922,43.0438544,NA,"36","067","36067003500","35","Census Tract 35","G5020","S",1137202,0,"+43.0479840","-076.1200136","36","067","003500","36067003500","35","Census Tract 35","G5020","S",1137202,0,"+43.0479840","-076.1200136","Census Tract 35, Onondaga County, New York","36","067",1272,16304,930,1007,211,326,9,TRUE
"93","003500","1/19/2015 17:54",156082,NA,NA,2239,"Nanae Amaki",6801,3,2.5,"Yes",1900,3,3,9,75,3105,"No",0.3,1.8,0,1.4,"464 Allen St",13210,-76.117122,43.043563,NA,"36","067","36067003500","35","Census Tract 35","G5020","S",1137202,0,"+43.0479840","-076.1200136","36","067","003500","36067003500","35","Census Tract 35","G5020","S",1137202,0,"+43.0479840","-076.1200136","Census Tract 35, Onondaga County, New York","36","067",1272,16304,930,1007,211,326,9,TRUE
"94","014200","1/19/2015 17:55",88000,NA,NA,1639,"Hiroko Masuda",5227,3,1.5,"No",1920,5,2,2,38,5114,"No",7,3,26,3,"511 Pleasantview Ave",13208,-76.134862,43.080934,4,"36","067","36067014200","142","Census Tract 142","G5020","S",2724823,0,"+43.0826197","-076.1289803","36","067","014200","36067014200","142","Census Tract 142","G5020","S",2724823,0,"+43.0826197","-076.1289803","Census Tract 142, Onondaga County, New York","36","067",742,50250,3283,175,0,173,8,TRUE
"95","000400","1/19/2015 18:04",44900,NA,NA,1888,"Hiroko Masuda",4791,4,1,"No",1900,2,1,2,54,1929,"No",9,2.5,18,2.5,"166 Briggs St",13208,-76.140106,43.076361,4,"36","067","36067000400","4","Census Tract 4","G5020","S",1524699,0,"+43.0762560","-076.1378045","36","067","000400","36067000400","4","Census Tract 4","G5020","S",1524699,0,"+43.0762560","-076.1378045","Census Tract 4, Onondaga County, New York","36","067",549,41935,2582,449,242,188,10,TRUE
"96","000400","1/19/2015 18:14",89900,NA,NA,1152,"Hiroko Masuda",4400,3,1,"No",1930,2,1,2,48,1445,"No",6,2.5,20,2.5,"832 Wadsworth St",13208,-76.1401993,43.0785976,4,"36","067","36067000400","4","Census Tract 4","G5020","S",1524699,0,"+43.0762560","-076.1378045","36","067","000400","36067000400","4","Census Tract 4","G5020","S",1524699,0,"+43.0762560","-076.1378045","Census Tract 4, Onondaga County, New York","36","067",549,41935,2582,449,242,188,10,TRUE
"97","000400","1/19/2015 18:29",98500,NA,NA,1316,"Hiroko Masuda",6534,3,2,"Yes",1951,2,1,2,44,3796,"No",4,2.6,26,2.6,"116 Wilmore Pl",13208,-76.137905,43.081503,4,"36","067","36067000400","4","Census Tract 4","G5020","S",1524699,0,"+43.0762560","-076.1378045","36","067","000400","36067000400","4","Census Tract 4","G5020","S",1524699,0,"+43.0762560","-076.1378045","Census Tract 4, Onondaga County, New York","36","067",549,41935,2582,449,242,188,10,TRUE
"98","001500","1/19/2015 18:47",59900,NA,NA,2442,"Courtney Adrian",3049,5,2,"No",1880,1,3,2,79,1542,"No",19,1.4,2,1.9,"218 Seward Street",13203,-76.142853,43.060144,15,"36","067","36067001500","15","Census Tract 15","G5020","S",511990,0,"+43.0612554","-076.1400992","36","067","001500","36067001500","15","Census Tract 15","G5020","S",511990,0,"+43.0612554","-076.1400992","Census Tract 15, Onondaga County, New York","36","067",1475,27639,1177,747,747,342,6,TRUE
"99","002101","1/19/2015 18:51",49500,NA,NA,1920,"Hiroko Masuda",4791,6,2,"No",1920,2,1,1,74,1301,"No",14,1.1,25,1.1,"717 Park Ave",13204,-76.171999,43.0516999,21,"36","067","36067002101","21.01","Census Tract 21.01","G5020","S",1578293,0,"+43.0526383","-076.1712469","36","067","002101","36067002101","21.01","Census Tract 21.01","G5020","S",1578293,0,"+43.0526383","-076.1712469","Census Tract 21.01, Onondaga County, New York","36","067",1620,22212,1969,737,103,460,20,TRUE
"100","001500","1/19/2015 18:53",53000,NA,NA,1158,"Courtney Adrian",4356,3,2,"No",1890,1,3,2,79,1216,"No",13,1.4,6,1.7,"105 Schneider Street",1323,-76.1427289,43.0614875,15,"36","067","36067001500","15","Census Tract 15","G5020","S",511990,0,"+43.0612554","-076.1400992","36","067","001500","36067001500","15","Census Tract 15","G5020","S",511990,0,"+43.0612554","-076.1400992","Census Tract 15, Onondaga County, New York","36","067",1475,27639,1177,747,747,342,6,TRUE
"101","001500","1/19/2015 19:00",241000,NA,NA,3888,"Courtney Adrian",15246,5,3,"Yes",1910,1,3,2,62,6198,"No",19,1.6,5,1.6,"217 Highland Ave",13203,-76.136327,43.061101,15,"36","067","36067001500","15","Census Tract 15","G5020","S",511990,0,"+43.0612554","-076.1400992","36","067","001500","36067001500","15","Census Tract 15","G5020","S",511990,0,"+43.0612554","-076.1400992","Census Tract 15, Onondaga County, New York","36","067",1475,27639,1177,747,747,342,6,TRUE
"102","002101","1/19/2015 19:03",48000,NA,NA,1872,"Hiroko Masuda",4356,4,2,"No",1910,2,1,1,68,1220,"No",9,1.7,25,2.2,"332 Apple St",13204,-76.17823,43.051497,21,"36","067","36067002101","21.01","Census Tract 21.01","G5020","S",1578293,0,"+43.0526383","-076.1712469","36","067","002101","36067002101","21.01","Census Tract 21.01","G5020","S",1578293,0,"+43.0526383","-076.1712469","Census Tract 21.01, Onondaga County, New York","36","067",1620,22212,1969,737,103,460,20,TRUE
"103","001800","1/19/2015 19:09",111000,NA,NA,1456,"Courtney Adrian",5227,4,2,"Yes",1910,3,2,3,52,1227,"No",21,3,11,2.6,"336 S. Edwards Ave",13206,-76.106202,43.062953,18,"36","067","36067001800","18","Census Tract 18","G5020","S",897079,0,"+43.0622758","-076.1098792","36","067","001800","36067001800","18","Census Tract 18","G5020","S",897079,0,"+43.0622758","-076.1098792","Census Tract 18, Onondaga County, New York","36","067",412,41843,1983,505,67,163,4,TRUE
"104","002101","1/19/2015 19:12",54900,NA,NA,2672,"Hiroko Masuda",4536,7,3,"No",1910,2,1,1,73,1825,"No",13,1.4,26,1.9,"532 Richmond Ave",13204,-76.175307,43.050521,21,"36","067","36067002101","21.01","Census Tract 21.01","G5020","S",1578293,0,"+43.0526383","-076.1712469","36","067","002101","36067002101","21.01","Census Tract 21.01","G5020","S",1578293,0,"+43.0526383","-076.1712469","Census Tract 21.01, Onondaga County, New York","36","067",1620,22212,1969,737,103,460,20,TRUE
"105","001702","1/19/2015 19:20",164900,NA,NA,2156,"Courtney Adrian",7250,4,1.5,"No",1922,3,2,2,63,2716,"No",21,3.9,9,0.6,"128 Hickok Ave",13206,-76.114448,43.067558,18,"36","067","36067001702","17.02","Census Tract 17.02","G5020","S",998402,0,"+43.0608519","-076.1179082","36","067","001702","36067001702","17.02","Census Tract 17.02","G5020","S",998402,0,"+43.0608519","-076.1179082","Census Tract 17.02, Onondaga County, New York","36","067",357,45045,2015,268,0,149,8,TRUE
"106","004900","1/19/2015 19:24",70000,NA,NA,1750,"Hiroko Masuda",7062,3,2,"No",1930,4,2,2,34,216,"No",12,2.4,34,3.4,"235 Rider Ave",13207,-76.180222,43.028856,49,"36","067","36067004900","49","Census Tract 49","G5020","S",796560,57084,"+43.0261098","-076.1769245","36","067","004900","36067004900","49","Census Tract 49","G5020","S",796560,57084,"+43.0261098","-076.1769245","Census Tract 49, Onondaga County, New York","36","067",512,34402,882,379,21,68,4,TRUE
"107","001900","1/19/2015 19:28",69900,NA,NA,1008,"Courtney Adrian",5227,3,1,"No",1951,3,2,3,58,1688,"No",19,3.1,5,1.4,"405 S Edwards Ave",13206,-76.105352,43.061602,18,"36","067","36067001900","19","Census Tract 19","G5020","S",1669479,0,"+43.0635483","-076.0968919","36","067","001900","36067001900","19","Census Tract 19","G5020","S",1669479,0,"+43.0635483","-076.0968919","Census Tract 19, Onondaga County, New York","36","067",790,39654,3305,305,61,84,5,TRUE
"108","004900","1/19/2015 19:31",99900,NA,NA,1248,"Hiroko Masuda",6534,3,1,"Yes",1930,2,1,4,38,1354,"No",13,2.5,32,3.5,"503 Wolcott Ave",13207,-76.1824191,43.0279732,49,"36","067","36067004900","49","Census Tract 49","G5020","S",796560,57084,"+43.0261098","-076.1769245","36","067","004900","36067004900","49","Census Tract 49","G5020","S",796560,57084,"+43.0261098","-076.1769245","Census Tract 49, Onondaga County, New York","36","067",512,34402,882,379,21,68,4,TRUE
"109","004900","1/19/2015 19:37",84900,NA,NA,1400,"Hiroko Masuda",5227,4,2,"No",1890,2,1,4,43,1719,"No",11,2.3,31,2.1,"154 Reed Ave # 56",13207,-76.1818489,43.0310037,49,"36","067","36067004900","49","Census Tract 49","G5020","S",796560,57084,"+43.0261098","-076.1769245","36","067","004900","36067004900","49","Census Tract 49","G5020","S",796560,57084,"+43.0261098","-076.1769245","Census Tract 49, Onondaga County, New York","36","067",512,34402,882,379,21,68,4,TRUE
"110","005200","1/19/2015 19:44",105000,NA,NA,3015,"Courtney Adrian",6098,4,2,"Yes",1890,1,4,1,66,976,"No",8,1.3,8,3.5,"105 Onondaga Ave",13204,-76.164288,43.0347583,52,"36","067","36067005200","52","Census Tract 52","G5020","S",693127,0,"+43.0321901","-076.1590507","36","067","005200","36067005200","52","Census Tract 52","G5020","S",693127,0,"+43.0321901","-076.1590507","Census Tract 52, Onondaga County, New York","36","067",844,24219,299,1467,5,171,5,TRUE
"111","005200","1/19/2015 19:49",45000,NA,NA,2496,"Courtney Adrian",5227,6,2,"No",1900,1,4,1,53,900,"No",5,1.3,9,1.5,"164 Hudson Street",13204,-76.1600865,43.0341549,52,"36","067","36067005200","52","Census Tract 52","G5020","S",693127,0,"+43.0321901","-076.1590507","36","067","005200","36067005200","52","Census Tract 52","G5020","S",693127,0,"+43.0321901","-076.1590507","Census Tract 52, Onondaga County, New York","36","067",844,24219,299,1467,5,171,5,TRUE
"112","005200","1/19/2015 19:51",35000,NA,NA,1134,"Courtney Adrian",8712,3,1,"No",1930,2,4,1,53,848,"No",5,1.3,9,1.5,"212 Hudson St",13207,-76.1602196,43.0330572,52,"36","067","36067005200","52","Census Tract 52","G5020","S",693127,0,"+43.0321901","-076.1590507","36","067","005200","36067005200","52","Census Tract 52","G5020","S",693127,0,"+43.0321901","-076.1590507","Census Tract 52, Onondaga County, New York","36","067",844,24219,299,1467,5,171,5,TRUE
"113","000600","1/19/2015 19:52",54900,NA,NA,1104,"Gustavo Zanabria",3049,3,1,"No",1890,1,1,1,67,835,"No",3,1.5,21,1.4,"904 Spring St. ",13208,-76.152248,43.069427,6,"36","067","36067000600","6","Census Tract 6","G5020","S",617027,0,"+43.0699860","-076.1526402","36","067","000600","36067000600","6","Census Tract 6","G5020","S",617027,0,"+43.0699860","-076.1526402","Census Tract 6, Onondaga County, New York","36","067",1527,25965,1747,785,676,294,9,TRUE
"114","005200","1/19/2015 19:53",63900,NA,NA,1684,"Courtney Adrian",4183,4,2,"Yes",1992,2,1,1,63,1297,"No",5,1.3,9,1.5,"301 Hudson St",13207,-76.1597158,43.0316719,52,"36","067","36067005200","52","Census Tract 52","G5020","S",693127,0,"+43.0321901","-076.1590507","36","067","005200","36067005200","52","Census Tract 52","G5020","S",693127,0,"+43.0321901","-076.1590507","Census Tract 52, Onondaga County, New York","36","067",844,24219,299,1467,5,171,5,TRUE
"115","000600","1/19/2015 20:13",59900,NA,NA,2435,"Gustavo Zanabria",3049,4,3,"No",1900,1,1,1,74,1563,"No",3,1.4,24,1.2,"1239 Park St.",13208,-76.1540069,43.066646,6,"36","067","36067000600","6","Census Tract 6","G5020","S",617027,0,"+43.0699860","-076.1526402","36","067","000600","36067000600","6","Census Tract 6","G5020","S",617027,0,"+43.0699860","-076.1526402","Census Tract 6, Onondaga County, New York","36","067",1527,25965,1747,785,676,294,9,TRUE
"116","002700","1/19/2015 20:28",88742,NA,NA,1872,"Vikas Sheel",4000,4,1.5,"Yes",1905,1,2,1,63,729,"Yes",3,2.3,7,0.5,"711 Avery Ave Syracuse, NY",13204,-76.194835,43.051931,27,"36","067","36067002700","27","Census Tract 27","G5020","S",604626,0,"+43.0501417","-076.1908215","36","067","002700","36067002700","27","Census Tract 27","G5020","S",604626,0,"+43.0501417","-076.1908215","Census Tract 27, Onondaga County, New York","36","067",543,31649,1665,95,4,54,4,TRUE
"117","002700","1/19/2015 20:37",66378,NA,NA,996,"Vikas Sheel",4200,2,1.5,"Yes",1905,1,2,1,75,0,"Yes",2,2.1,8,0.6,"505 Milton Ave Syracuse, NY",13204,-76.189504,43.0512159,27,"36","067","36067002700","27","Census Tract 27","G5020","S",604626,0,"+43.0501417","-076.1908215","36","067","002700","36067002700","27","Census Tract 27","G5020","S",604626,0,"+43.0501417","-076.1908215","Census Tract 27, Onondaga County, New York","36","067",543,31649,1665,95,4,54,4,TRUE
"118","002700","1/19/2015 20:47",77055,NA,NA,2104,"Vikas Sheel",6000,3,2,"No",1942,1,2,1,76,875,"No",2,2.4,15,1,"408 Ulster St Syracuse, NY",13204,-76.185188,43.048707,27,"36","067","36067002700","27","Census Tract 27","G5020","S",604626,0,"+43.0501417","-076.1908215","36","067","002700","36067002700","27","Census Tract 27","G5020","S",604626,0,"+43.0501417","-076.1908215","Census Tract 27, Onondaga County, New York","36","067",543,31649,1665,95,4,54,4,TRUE
"119","005700","1/19/2015 20:59",58756,NA,NA,1008,"Vikas Sheel",5891,2,1,"Yes",1953,1,4,2,27,160,"No",9,3.2,24,3.8,"302 Mitchell Ave Syracuse, NY",13207,-76.1700292,43.0125362,57,"36","067","36067005700","57","Census Tract 57","G5020","S",1356596,0,"+43.0152012","-076.1636184","36","067","005700","36067005700","57","Census Tract 57","G5020","S",1356596,0,"+43.0152012","-076.1636184","Census Tract 57, Onondaga County, New York","36","067",351,42266,665,1018,0,79,5,TRUE
"120","005700","1/19/2015 21:07",68462,NA,NA,1200,"Vikas Sheel",10100,3,1,"No",1930,2,4,2,41,822,"No",5,2.3,3,2.8,"245 Glenwood Ave Syracuse, NY",13207,-76.1645489,43.019356,57,"36","067","36067005700","57","Census Tract 57","G5020","S",1356596,0,"+43.0152012","-076.1636184","36","067","005700","36067005700","57","Census Tract 57","G5020","S",1356596,0,"+43.0152012","-076.1636184","Census Tract 57, Onondaga County, New York","36","067",351,42266,665,1018,0,79,5,TRUE
"121","005700","1/19/2015 21:15",63689,NA,NA,1080,"Vikas Sheel",13503,3,1.5,"Yes",1929,1,3,2,39,1689,"Yes",10,2.6,16,3.5,"524 Valley Dr Syracuse, NY",13207,-76.158266,43.012044,57,"36","067","36067005700","57","Census Tract 57","G5020","S",1356596,0,"+43.0152012","-076.1636184","36","067","005700","36067005700","57","Census Tract 57","G5020","S",1356596,0,"+43.0152012","-076.1636184","Census Tract 57, Onondaga County, New York","36","067",351,42266,665,1018,0,79,5,TRUE
"122","005700","1/19/2015 21:23",68505,NA,NA,1308,"Vikas Sheel",5016,3,1.5,"Yes",1929,4,1,2,37,1263,"No",10,2.4,15,3.3,"202 Hutchinson Ave Syracuse, NY",13207,-76.165774,43.016271,57,"36","067","36067005700","57","Census Tract 57","G5020","S",1356596,0,"+43.0152012","-076.1636184","36","067","005700","36067005700","57","Census Tract 57","G5020","S",1356596,0,"+43.0152012","-076.1636184","Census Tract 57, Onondaga County, New York","36","067",351,42266,665,1018,0,79,5,TRUE
"123","000600","1/19/2015 21:37",74900,NA,NA,1384,"Gustavo Zanabria",8712,3,1,"Yes",1920,2,1,1,60,1284,"No",9,1.7,24,1.5,"209 2nd North St.",13208,-76.154228,43.07259,6,"36","067","36067000600","6","Census Tract 6","G5020","S",617027,0,"+43.0699860","-076.1526402","36","067","000600","36067000600","6","Census Tract 6","G5020","S",617027,0,"+43.0699860","-076.1526402","Census Tract 6, Onondaga County, New York","36","067",1527,25965,1747,785,676,294,9,TRUE
"124","003200","1/19/2015 21:56",368000,NA,NA,1850,"Vikas Sheel",1850,2,2,"Yes",1994,1,2,1,89,1817,"No",1,0.1,2,1.5,"133 Walton St APT 138, Syracuse, NY",13202,-76.1544877,43.0479679,32,"36","067","36067003200","32","Census Tract 32","G5020","S",1257528,0,"+43.0480190","-076.1502417","36","067","003200","36067003200","32","Census Tract 32","G5020","S",1257528,0,"+43.0480190","-076.1502417","Census Tract 32, Onondaga County, New York","36","067",661,50053,1251,544,420,88,19,TRUE
"125","003200","1/19/2015 22:07",169900,NA,NA,950,"Vikas Sheel",950,1,1,"No",1928,1,1,2,92,1038,"No",2,0.1,4,1.2,"108 W Jefferson St APT 808, Syracuse, NY",13202,-76.1529342,43.0473156,32,"36","067","36067003200","32","Census Tract 32","G5020","S",1257528,0,"+43.0480190","-076.1502417","36","067","003200","36067003200","32","Census Tract 32","G5020","S",1257528,0,"+43.0480190","-076.1502417","Census Tract 32, Onondaga County, New York","36","067",661,50053,1251,544,420,88,19,TRUE
"126","000600","1/19/2015 22:13",109900,NA,NA,1808,"Gustavo Zanabria",7405,4,2,"Yes",1930,3,2,3,52,1831,"No",40,3.7,35,5.5,"209 2nd North St, Syracuse, NY 13208",13206,-76.154228,43.07259,10,"36","067","36067000600","6","Census Tract 6","G5020","S",617027,0,"+43.0699860","-076.1526402","36","067","000600","36067000600","6","Census Tract 6","G5020","S",617027,0,"+43.0699860","-076.1526402","Census Tract 6, Onondaga County, New York","36","067",1527,25965,1747,785,676,294,9,TRUE
"127","001000","1/19/2015 22:27",125000,NA,NA,1496,"Gustavo Zanabria",1496,3,2,"Yes",1929,3,2,3,50,1584,"No",43,3.3,35,5.5,"3401 James St APT 9, Syracuse, NY 13206",13206,-76.099816,43.069484,10,"36","067","36067001000","10","Census Tract 10","G5020","S",1249510,0,"+43.0722084","-076.1095002","36","067","001000","36067001000","10","Census Tract 10","G5020","S",1249510,0,"+43.0722084","-076.1095002","Census Tract 10, Onondaga County, New York","36","067",1325,31353,2969,1036,37,316,2,TRUE
"128","003200","1/19/2015 22:27",283635,NA,NA,1286,"Vikas Sheel",1286,2,2,"No",2009,1,1,2,91,0,"No",2,0.1,2,1.3,"211 W Jefferson St APT 409, Syracuse, NY",13202,-76.1540728,43.0465551,32,"36","067","36067003200","32","Census Tract 32","G5020","S",1257528,0,"+43.0480190","-076.1502417","36","067","003200","36067003200","32","Census Tract 32","G5020","S",1257528,0,"+43.0480190","-076.1502417","Census Tract 32, Onondaga County, New York","36","067",661,50053,1251,544,420,88,19,TRUE
"129","001000","1/19/2015 22:43",67000,NA,NA,768,"Gustavo Zanabria",6969,2,1,"No",1955,3,2,5,55,1588,"No",34,2.3,36,5.6,"808 Coughlin Ave, Syracuse, NY 13206",13206,-76.1036926,43.0737505,10,"36","067","36067001000","10","Census Tract 10","G5020","S",1249510,0,"+43.0722084","-076.1095002","36","067","001000","36067001000","10","Census Tract 10","G5020","S",1249510,0,"+43.0722084","-076.1095002","Census Tract 10, Onondaga County, New York","36","067",1325,31353,2969,1036,37,316,2,TRUE
"130","005400","1/19/2015 23:01",38000,NA,NA,1596,"Gustavo Zanabria",3484,3,2,"No",1922,1,1,2,57,170,"No",35,2,13,2.3,"422 W Colvin St, Syracuse, NY 13205",13205,-76.1502004,43.0245321,54,"36","067","36067005400","54","Census Tract 54","G5020","S",747725,0,"+43.0245237","-076.1455633","36","067","005400","36067005400","54","Census Tract 54","G5020","S",747725,0,"+43.0245237","-076.1455633","Census Tract 54, Onondaga County, New York","36","067",1292,29423,381,2162,119,276,15,TRUE
"131","005601","1/19/2015 23:17",129900,NA,NA,1350,"Gustavo Zanabria",7405,3,2,"No",1926,3,3,1,42,2332,"No",20,1.7,9,1.5,"340 Buckingham Ave, Syracuse, NY 13210",13210,-76.121314,43.028799,56.01,"36","067","36067005601","56.01","Census Tract 56.01","G5020","S",1649089,7491,"+43.0233022","-076.1210584","36","067","005601","36067005601","56.01","Census Tract 56.01","G5020","S",1649089,7491,"+43.0233022","-076.1210584","Census Tract 56.01, Onondaga County, New York","36","067",156,77344,1102,176,60,82,1,TRUE
"132","005601","1/19/2015 23:29",118500,NA,NA,1650,"Gustavo Zanabria",12632.4,3,1,"Yes",1915,3,3,1,38,2359,"No",25,2.4,7,2.2,"464 Buckingham Ave, Syracuse, NY 13210",13210,-76.121005,43.025593,56.01,"36","067","36067005601","56.01","Census Tract 56.01","G5020","S",1649089,7491,"+43.0233022","-076.1210584","36","067","005601","36067005601","56.01","Census Tract 56.01","G5020","S",1649089,7491,"+43.0233022","-076.1210584","Census Tract 56.01, Onondaga County, New York","36","067",156,77344,1102,176,60,82,1,TRUE
"133","005601","1/19/2015 23:45",205000,NA,NA,2630,"Gustavo Zanabria",2630,4,3,"Yes",1990,1,3,3,23,1950,"No",31,1.8,1.2,1.6,"21 Nursery Ln, Syracuse, NY 13210",13210,-76.1278312,43.0222394,56.01,"36","067","36067005601","56.01","Census Tract 56.01","G5020","S",1649089,7491,"+43.0233022","-076.1210584","36","067","005601","36067005601","56.01","Census Tract 56.01","G5020","S",1649089,7491,"+43.0233022","-076.1210584","Census Tract 56.01, Onondaga County, New York","36","067",156,77344,1102,176,60,82,1,TRUE
"134","000100","1/20/2015 17:46",87000,NA,NA,2760,"Fonda Chronis",4800,6,2,"No",1910,2,1,2,45,1489,"Yes",5,5,30,2,"139 Pulaski St",13204,-76.17168,43.058458,73000,"36","067","36067000100","1","Census Tract 1","G5020","S",4842958,1284980,"+43.0691355","-076.1730170","36","067","000100","36067000100","1","Census Tract 1","G5020","S",4842958,1284980,"+43.0691355","-076.1730170","Census Tract 1, Onondaga County, New York","36","067",147,49342,476,79,85,19,45,TRUE
"135","000200","1/20/2015 17:53",53981,NA,NA,1548,"Fonda Chronis",6534,4,2,"Yes",1920,2,1,1,59,2139,"Yes",20,5,5,2,"709 Wolf St",13208,-76.160946,43.076377,73000,"36","067","36067000200","2","Census Tract 2","G5020","S",1095299,0,"+43.0747759","-076.1583997","36","067","000200","36067000200","2","Census Tract 2","G5020","S",1095299,0,"+43.0747759","-076.1583997","Census Tract 2, Onondaga County, New York","36","067",1280,35876,2259,230,164,403,11,TRUE
"136","006000","1/20/2015 20:51",74900,NA,NA,832,"Taylor Pair",10500,3,2,"Yes",1960,1,3,2,28,1007,"Yes",4,3.4,11,6.9,"1705 Valley Dr.",13207,-76.152609,42.999586,60,"36","067","36067006000","60","Census Tract 60","G5020","S",3689384,18431,"+42.9982727","-076.1563154","36","067","006000","36067006000","60","Census Tract 60","G5020","S",3689384,18431,"+42.9982727","-076.1563154","Census Tract 60, Onondaga County, New York","36","067",760,40769,2150,1524,0,344,8,TRUE
"137","006000","1/20/2015 21:02",69900,NA,NA,2704,"Taylor Pair",9147,4,2,"Yes",1965,1,3,2,28,2755,"No",4,3.4,9,6.8,"214 Riverdale Dr.",13207,-76.155993,43.000466,60,"36","067","36067006000","60","Census Tract 60","G5020","S",3689384,18431,"+42.9982727","-076.1563154","36","067","006000","36067006000","60","Census Tract 60","G5020","S",3689384,18431,"+42.9982727","-076.1563154","Census Tract 60, Onondaga County, New York","36","067",760,40769,2150,1524,0,344,8,TRUE
"138","006000","1/20/2015 21:12",55000,NA,NA,1451,"Taylor Pair",7405,4,1,"No",1960,1,3,2,33,1370,"No",8,3,29,6.4,"145 Bradford St.",13207,-76.156166,43.005221,60,"36","067","36067006000","60","Census Tract 60","G5020","S",3689384,18431,"+42.9982727","-076.1563154","36","067","006000","36067006000","60","Census Tract 60","G5020","S",3689384,18431,"+42.9982727","-076.1563154","Census Tract 60, Onondaga County, New York","36","067",760,40769,2150,1524,0,344,8,TRUE
"139","006000","1/20/2015 21:25",68500,NA,NA,1704,"Taylor Pair",8764,4,1,"Yes",1950,1,3,2,28,1594,"No",8,3.1,30,6.4,"626 Barnes Ave.",13207,-76.1592788,43.0055277,60,"36","067","36067006000","60","Census Tract 60","G5020","S",3689384,18431,"+42.9982727","-076.1563154","36","067","006000","36067006000","60","Census Tract 60","G5020","S",3689384,18431,"+42.9982727","-076.1563154","Census Tract 60, Onondaga County, New York","36","067",760,40769,2150,1524,0,344,8,TRUE
"140","001400","1/20/2015 21:36",74500,NA,NA,1728,"Taylor Pair",3920,7,3,"Yes",1920,1,1,1,73,1633,"No",6,2.2,23,1.5,"517 Carbon St.",13208,-76.149299,43.066167,14,"36","067","36067001400","14","Census Tract 14","G5020","S",415681,0,"+43.0638377","-076.1481159","36","067","001400","36067001400","14","Census Tract 14","G5020","S",415681,0,"+43.0638377","-076.1481159","Census Tract 14, Onondaga County, New York","36","067",2063,20500,1096,843,1317,314,13,TRUE
"141","000600","1/20/2015 21:44",59900,NA,NA,2435,"Taylor Pair",3049,4,3,"No",1900,1,1,1,74,1563,"No",3,1.9,20,1.2,"1239 Park St.",13208,-76.1540069,43.066646,14,"36","067","36067000600","6","Census Tract 6","G5020","S",617027,0,"+43.0699860","-076.1526402","36","067","000600","36067000600","6","Census Tract 6","G5020","S",617027,0,"+43.0699860","-076.1526402","Census Tract 6, Onondaga County, New York","36","067",1527,25965,1747,785,676,294,9,TRUE
"142","001400","1/20/2015 21:53",59000,NA,NA,2208,"Taylor Pair",4356,4,2,"Yes",1910,1,1,1,71,1372,"No",15,2.1,22,1.4,"1113 Park St.",13208,-76.1499983,43.0652808,14,"36","067","36067001400","14","Census Tract 14","G5020","S",415681,0,"+43.0638377","-076.1481159","36","067","001400","36067001400","14","Census Tract 14","G5020","S",415681,0,"+43.0638377","-076.1481159","Census Tract 14, Onondaga County, New York","36","067",2063,20500,1096,843,1317,314,13,TRUE
"143","000501","1/20/2015 22:01",39900,NA,NA,1824,"Taylor Pair",3920,5,2,"No",1900,2,1,1,67,1179,"Yes",7,1.3,13,1.1,"2409 Lodi St.",13208,-76.160612,43.066168,5,"36","067","36067000501","5.01","Census Tract 5.01","G5020","S",714188,0,"+43.0637527","-076.1569900","36","067","000501","36067000501","5.01","Census Tract 5.01","G5020","S",714188,0,"+43.0637527","-076.1569900","Census Tract 5.01, Onondaga County, New York","36","067",1018,20165,944,422,550,260,13,TRUE
"144","000501","1/20/2015 22:08",49000,NA,NA,816,"Taylor Pair",1740,2,2,"No",1890,2,1,1,71,1166,"Yes",8,1.5,12,1.1,"2317 Lodi St.",13208,-76.1596903,43.065902,5,"36","067","36067000501","5.01","Census Tract 5.01","G5020","S",714188,0,"+43.0637527","-076.1569900","36","067","000501","36067000501","5.01","Census Tract 5.01","G5020","S",714188,0,"+43.0637527","-076.1569900","Census Tract 5.01, Onondaga County, New York","36","067",1018,20165,944,422,550,260,13,TRUE
"145","000501","1/20/2015 22:14",39900,NA,NA,1376,"Taylor Pair",3484,4,2,"Yes",1915,1,1,1,72,821,"No",14,1.7,19,1.2,"230 Lilac St.",13208,-76.153938,43.064755,5,"36","067","36067000501","5.01","Census Tract 5.01","G5020","S",714188,0,"+43.0637527","-076.1569900","36","067","000501","36067000501","5.01","Census Tract 5.01","G5020","S",714188,0,"+43.0637527","-076.1569900","Census Tract 5.01, Onondaga County, New York","36","067",1018,20165,944,422,550,260,13,TRUE
"146","000200","1/20/2015 22:47",80000,NA,NA,2421,"Ryan",3920,1,1,"Yes",1940,2,1,2,50,79,"No",36,1.5,14,1.4,"1006 Wolf Street",13208,-76.157615,43.079613,2,"36","067","36067000200","2","Census Tract 2","G5020","S",1095299,0,"+43.0747759","-076.1583997","36","067","000200","36067000200","2","Census Tract 2","G5020","S",1095299,0,"+43.0747759","-076.1583997","Census Tract 2, Onondaga County, New York","36","067",1280,35876,2259,230,164,403,11,TRUE
"147","000200","1/20/2015 22:54",34900,NA,NA,1080,"Ryan Reeves",2613,3,1.5,"No",1880,2,1,1,64,1087,"No",30,1.2,8,1.2,"619 2nd N Street",13208,-76.160635,43.075366,2,"36","067","36067000200","2","Census Tract 2","G5020","S",1095299,0,"+43.0747759","-076.1583997","36","067","000200","36067000200","2","Census Tract 2","G5020","S",1095299,0,"+43.0747759","-076.1583997","Census Tract 2, Onondaga County, New York","36","067",1280,35876,2259,230,164,403,11,TRUE
"148","000200","1/20/2015 23:00",45000,NA,NA,2238,"Ryan Reeves",4356,6,2,"No",1880,2,1,1,64,1723,"No",29,1.2,7,1.2,"609 2nd N St",13208,-76.1602543,43.0752177,2,"36","067","36067000200","2","Census Tract 2","G5020","S",1095299,0,"+43.0747759","-076.1583997","36","067","000200","36067000200","2","Census Tract 2","G5020","S",1095299,0,"+43.0747759","-076.1583997","Census Tract 2, Onondaga County, New York","36","067",1280,35876,2259,230,164,403,11,TRUE
